chain_root	chain_shortest	chain_longest	chain_length	language	lang_name	mode_word	word_ipa_len	stability	mode_count	total_extensions	gloss	all_words_json
a-da-da	a-da-da	a-da-da-u-ti-nu	6	peo	Old Persian	nava	4	1.0000	6	6		"[""nava"", ""nava"", ""nava"", ""nava"", ""nava"", ""nava""]"
da-da-u	da-da-u	da-da-u-ti-nu-i	6	peo	Old Persian	nava	4	1.0000	6	6		"[""nava"", ""nava"", ""nava"", ""nava"", ""nava"", ""nava""]"
re-i-ke	re-i-ke	re-i-ke-ta-na-i	6	peo	Old Persian	kuuʃa	5	1.0000	6	6		"[""kuu\u0283a"", ""kuu\u0283a"", ""kuu\u0283a"", ""kuu\u0283a"", ""kuu\u0283a"", ""kuu\u0283a""]"
a-da-u-ti	a-da-u-ti	a-da-u-ti-nu-i-n	5	peo	Old Persian	avadaː	6	1.0000	5	5		"[""avada\u02d0"", ""avada\u02d0"", ""avada\u02d0"", ""avada\u02d0"", ""avada\u02d0""]"
e-i-ke-ta	e-i-ke-ta	e-i-ke-ta-na-i-*301	5	peo	Old Persian	kuuʃa	5	1.0000	5	5		"[""kuu\u0283a"", ""kuu\u0283a"", ""kuu\u0283a"", ""kuu\u0283a"", ""kuu\u0283a""]"
e-u-na-ru	e-u-na-ru	e-u-na-ru-ka-na	5	peo	Old Persian	kaufaʰ	6	1.0000	5	5	mountain	"[""kaufa\u02b0"", ""kaufa\u02b0"", ""kaufa\u02b0"", ""kaufa\u02b0"", ""kaufa\u02b0""]"
*56-e-tu-me	*56-e-tu-me	*56-e-tu-me-i-ja-s	5	peo	Old Persian	paːdaʰ	6	1.0000	5	5		"[""pa\u02d0da\u02b0"", ""pa\u02d0da\u02b0"", ""pa\u02d0da\u02b0"", ""pa\u02d0da\u02b0"", ""pa\u02d0da\u02b0""]"
a-ja-i-nwa	a-ja-i-nwa	a-ja-i-nwa-za-*56	4	peo	Old Persian	aθaⁿɡaʰ	7	1.0000	4	4		"[""a\u03b8a\u207f\u0261a\u02b0"", ""a\u03b8a\u207f\u0261a\u02b0"", ""a\u03b8a\u207f\u0261a\u02b0"", ""a\u03b8a\u207f\u0261a\u02b0""]"
i-ja-sa	i-ja-sa	i-ja-sa-u-na-ka	9	peo	Old Persian	aθaⁿɡaʰ	7	0.8889	8	9		"[""a\u03b8aga"", ""a\u03b8a\u207f\u0261a\u02b0"", ""a\u03b8a\u207f\u0261a\u02b0"", ""a\u03b8a\u207f\u0261a\u02b0"", ""a\u03b8a\u207f\u0261a\u02b0"", ""a\u03b8a\u207f\u0261a\u02b0"", ""a\u03b8a\u207f\u0261a\u02b0"", ""a\u03b8a\u207f\u0261a\u02b0"", ""a\u03b8a\u207f\u0261a\u02b0""]"
me-i-ja	me-i-ja	me-i-ja-sa-u-na	8	peo	Old Persian	ɡaiθaː	6	0.8750	7	8		"[""da\u03b8a"", ""\u0261ai\u03b8a\u02d0"", ""\u0261ai\u03b8a\u02d0"", ""\u0261ai\u03b8a\u02d0"", ""\u0261ai\u03b8a\u02d0"", ""\u0261ai\u03b8a\u02d0"", ""\u0261ai\u03b8a\u02d0"", ""\u0261ai\u03b8a\u02d0""]"
e-i-ja-sa	e-i-ja-sa	e-i-ja-sa-u-na-k	7	peo	Old Persian	kaufaʰ	6	0.8571	6	7	mountain	"[""kaufa\u02b0"", ""kaufa\u02b0"", ""kaufa\u02b0"", ""kaufa\u02b0"", ""kaufa\u02b0"", ""kaufa\u02b0"", ""a\u03b8a\u207f\u0261a\u02b0""]"
u-me-i-ja	u-me-i-ja	u-me-i-ja-sa-u-n	7	peo	Old Persian	ɡaiθaː	6	0.8571	6	7		"[""da\u03b8a"", ""\u0261ai\u03b8a\u02d0"", ""\u0261ai\u03b8a\u02d0"", ""\u0261ai\u03b8a\u02d0"", ""\u0261ai\u03b8a\u02d0"", ""\u0261ai\u03b8a\u02d0"", ""\u0261ai\u03b8a\u02d0""]"
a-ja-tu	a-ja-tu	a-ja-tu-ru-sa-i	6	peo	Old Persian	aθaⁿɡaʰ	7	0.8333	5	6		"[""ja\u03b8a\u02d0"", ""a\u03b8a\u207f\u0261a\u02b0"", ""a\u03b8a\u207f\u0261a\u02b0"", ""a\u03b8a\u207f\u0261a\u02b0"", ""a\u03b8a\u207f\u0261a\u02b0"", ""a\u03b8a\u207f\u0261a\u02b0""]"
e-ka-na	e-ka-na	e-ka-na-si-si-r	6	peo	Old Persian	kaufaʰ	6	0.8333	5	6	mountain	"[""kuu\u0283a"", ""kaufa\u02b0"", ""kaufa\u02b0"", ""kaufa\u02b0"", ""kaufa\u02b0"", ""kaufa\u02b0""]"
ja-ja-sa	ja-ja-sa	ja-ja-sa-sa-ra	5	peo	Old Persian	aθaⁿɡaʰ	7	0.8000	4	5		"[""a\u03b8aga"", ""a\u03b8a\u207f\u0261a\u02b0"", ""a\u03b8a\u207f\u0261a\u02b0"", ""a\u03b8a\u207f\u0261a\u02b0"", ""a\u03b8a\u207f\u0261a\u02b0""]"
ja-se-ka	ja-se-ka	ja-se-ka-na-si	5	peo	Old Persian	θaːjakaː	8	0.8000	4	5		"[""-ika"", ""\u03b8a\u02d0jaka\u02d0"", ""\u03b8a\u02d0jaka\u02d0"", ""\u03b8a\u02d0jaka\u02d0"", ""\u03b8a\u02d0jaka\u02d0""]"
ma-na-da	ma-na-da	ma-na-da-wa-i-j	5	peo	Old Persian	zana	4	0.8000	4	5	man	"[""zana"", ""zana"", ""zana"", ""zana"", ""jaunaija""]"
na-da-da	na-da-da	na-da-da-u-ti-n	5	peo	Old Persian	u-man-na	8	0.8000	4	5		"[""nava"", ""u-man-na"", ""u-man-na"", ""u-man-na"", ""u-man-na""]"
nu-ja-sa	nu-ja-sa	nu-ja-sa-sa-ra	5	peo	Old Persian	aθaⁿɡaʰ	7	0.8000	4	5		"[""a\u03b8aga"", ""a\u03b8a\u207f\u0261a\u02b0"", ""a\u03b8a\u207f\u0261a\u02b0"", ""a\u03b8a\u207f\u0261a\u02b0"", ""a\u03b8a\u207f\u0261a\u02b0""]"
se-ka-na	se-ka-na	se-ka-na-si-si	5	peo	Old Persian	kaufaʰ	6	0.8000	4	5	mountain	"[""kuu\u0283a"", ""kaufa\u02b0"", ""kaufa\u02b0"", ""kaufa\u02b0"", ""kaufa\u02b0""]"
wa-ja-tu	wa-ja-tu	wa-ja-tu-ru-sa	5	peo	Old Persian	aθaⁿɡaʰ	7	0.8000	4	5		"[""ja\u03b8a\u02d0"", ""a\u03b8a\u207f\u0261a\u02b0"", ""a\u03b8a\u207f\u0261a\u02b0"", ""a\u03b8a\u207f\u0261a\u02b0"", ""a\u03b8a\u207f\u0261a\u02b0""]"
e-u-na-ka	e-u-na-ka	e-u-na-ka-na-si	5	peo	Old Persian	kaufaʰ	6	0.8000	4	5	mountain	"[""kuu\u0283a"", ""kaufa\u02b0"", ""kaufa\u02b0"", ""kaufa\u02b0"", ""kaufa\u02b0""]"
wa-e-a-di	wa-e-a-di	wa-e-a-di-ki-te	5	peo	Old Persian	vaʃanaa	7	0.8000	4	5		"[""aiva"", ""va\u0283anaa"", ""va\u0283anaa"", ""va\u0283anaa"", ""va\u0283anaa""]"
pi-na-ma	pi-na-ma	pi-na-ma-i-na-j	9	peo	Old Persian	idaa	4	0.7778	7	9		"[""kaara"", ""idaa"", ""idaa"", ""idaa"", ""idaa"", ""idaa"", ""idaa"", ""ida\u02d0"", ""idaa""]"
a-me-u-na	a-me-u-na	a-me-u-na-ru-ka	9	peo	Old Persian	idaa	4	0.7778	7	9		"[""idaa"", ""idaa"", ""idaa"", ""idaa"", ""ida\u02d0"", ""idaa"", ""ida\u02d0"", ""idaa"", ""idaa""]"
a-da-wa	a-da-wa	a-da-wa-i-ja	4	peo	Old Persian	avadaː	6	0.7500	3	4		"[""anija"", ""avada\u02d0"", ""avada\u02d0"", ""avada\u02d0""]"
i-da-ja	i-da-ja	i-da-ja-ja	4	peo	Old Persian	avadaː	6	0.7500	3	4		"[""anija"", ""avada\u02d0"", ""avada\u02d0"", ""avada\u02d0""]"
ti-ja-sa	ti-ja-sa	ti-ja-sa-sa-r	4	peo	Old Persian	aθaⁿɡaʰ	7	0.7500	3	4		"[""a\u03b8aga"", ""a\u03b8a\u207f\u0261a\u02b0"", ""a\u03b8a\u207f\u0261a\u02b0"", ""a\u03b8a\u207f\u0261a\u02b0""]"
i-ja-sa	i-ja-sa	i-ja-sa-u-na-ka	9	xle	Eteocypriot	ewistʰuo	8	1.0000	9	9		"[""ewist\u02b0uo"", ""ewist\u02b0uo"", ""ewist\u02b0uo"", ""ewist\u02b0uo"", ""ewist\u02b0uo"", ""ewist\u02b0uo"", ""ewist\u02b0uo"", ""ewist\u02b0uo"", ""ewist\u02b0uo""]"
e-i-ja-sa	e-i-ja-sa	e-i-ja-sa-u-na-k	7	xle	Eteocypriot	ewistʰuo	8	1.0000	7	7		"[""ewist\u02b0uo"", ""ewist\u02b0uo"", ""ewist\u02b0uo"", ""ewist\u02b0uo"", ""ewist\u02b0uo"", ""ewist\u02b0uo"", ""ewist\u02b0uo""]"
u-me-i-ja	u-me-i-ja	u-me-i-ja-sa-u-n	7	xle	Eteocypriot	aker	4	1.0000	7	7	made	"[""aker"", ""aker"", ""aker"", ""aker"", ""aker"", ""aker"", ""aker""]"
na-si-i	na-si-i	na-si-i-pi-na-m	6	xle	Eteocypriot	heloke	6	1.0000	6	6	verb form	"[""heloke"", ""heloke"", ""heloke"", ""heloke"", ""heloke"", ""heloke""]"
nu-i-na	nu-i-na	nu-i-na-i-da-ja	6	xle	Eteocypriot	aker	4	1.0000	6	6	made	"[""aker"", ""aker"", ""aker"", ""aker"", ""aker"", ""aker""]"
si-i-pi	si-i-pi	si-i-pi-na-ma-i	6	xle	Eteocypriot	heloke	6	1.0000	6	6	verb form	"[""heloke"", ""heloke"", ""heloke"", ""heloke"", ""heloke"", ""heloke""]"
u-i-na-i	u-i-na-i	u-i-na-i-da-ja-s	6	xle	Eteocypriot	aker	4	1.0000	6	6	made	"[""aker"", ""aker"", ""aker"", ""aker"", ""aker"", ""aker""]"
i-ja-re	i-ja-re	i-ja-re-di-ja	5	xle	Eteocypriot	ewistʰuo	8	1.0000	5	5		"[""ewist\u02b0uo"", ""ewist\u02b0uo"", ""ewist\u02b0uo"", ""ewist\u02b0uo"", ""ewist\u02b0uo""]"
sa-ra-ma	sa-ra-ma	sa-ra-ma-na-da	5	xle	Eteocypriot	siwai	5	1.0000	5	5		"[""siwai"", ""siwai"", ""siwai"", ""siwai"", ""siwai""]"
wa-ja-se	wa-ja-se	wa-ja-se-ka-na	5	xle	Eteocypriot	napʰotʰ	7	1.0000	5	5		"[""nap\u02b0ot\u02b0"", ""nap\u02b0ot\u02b0"", ""nap\u02b0ot\u02b0"", ""nap\u02b0ot\u02b0"", ""nap\u02b0ot\u02b0""]"
a-ma-i-na	a-ma-i-na	a-ma-i-na-ja-re	5	xle	Eteocypriot	aker	4	1.0000	5	5	made	"[""aker"", ""aker"", ""aker"", ""aker"", ""aker""]"
a-si-i-pi	a-si-i-pi	a-si-i-pi-na-ma	5	xle	Eteocypriot	heloke	6	1.0000	5	5	verb form	"[""heloke"", ""heloke"", ""heloke"", ""heloke"", ""heloke""]"
i-i-pi-na	i-i-pi-na	i-i-pi-na-ma-i-n	5	xle	Eteocypriot	aker	4	1.0000	5	5	made	"[""aker"", ""aker"", ""aker"", ""aker"", ""aker""]"
i-nu-i-na	i-nu-i-na	i-nu-i-na-i-da-j	5	xle	Eteocypriot	aker	4	1.0000	5	5	made	"[""aker"", ""aker"", ""aker"", ""aker"", ""aker""]"
*301-u-ti-nu	*301-u-ti-nu	*301-u-ti-nu-ja-sa	5	xle	Eteocypriot	aker	4	1.0000	5	5	made	"[""aker"", ""aker"", ""aker"", ""aker"", ""aker""]"
na-i-da	na-i-da	na-i-da-ja-s	4	xle	Eteocypriot	aker	4	1.0000	4	4	made	"[""aker"", ""aker"", ""aker"", ""aker""]"
si-ru-te	si-ru-te	si-ru-te-i-di	4	xle	Eteocypriot	heloke	6	1.0000	4	4	verb form	"[""heloke"", ""heloke"", ""heloke"", ""heloke""]"
a-ja-i-nwa	a-ja-i-nwa	a-ja-i-nwa-za-*56	4	xle	Eteocypriot	aker	4	1.0000	4	4	made	"[""aker"", ""aker"", ""aker"", ""aker""]"
a-sa-ra	a-sa-ra	a-sa-ra-me-u-na	13	xle	Eteocypriot	siwai	5	0.9231	12	13		"[""siwai"", ""siwai"", ""siwai"", ""siwai"", ""siwai"", ""siwai"", ""siwai"", ""siwai"", ""siwai"", ""siwai"", ""siwai"", ""siwai"", ""sialk\u02b0wis""]"
sa-sa-ra	sa-sa-ra	sa-sa-ra-me-u-n	10	xle	Eteocypriot	siwai	5	0.9000	9	10		"[""siasi"", ""siwai"", ""siwai"", ""siwai"", ""siwai"", ""siwai"", ""siwai"", ""siwai"", ""siwai"", ""siwai""]"
u-ti-nu	u-ti-nu	u-ti-nu-i-na-i-d	11	xle	Eteocypriot	aker	4	0.8182	9	11	made	"[""aker"", ""heloke"", ""aker"", ""aker"", ""heloke"", ""aker"", ""aker"", ""aker"", ""aker"", ""aker"", ""aker""]"
sa-u-na	sa-u-na	sa-u-na-ka-na	5	xle	Eteocypriot	tawarzio	8	0.8000	4	5		"[""p\u02b0oke"", ""tawarzio"", ""tawarzio"", ""tawarzio"", ""tawarzio""]"
ja-i-nwa	ja-i-nwa	ja-i-nwa-za-*56-n	5	xle	Eteocypriot	aker	4	0.8000	4	5	made	"[""aker"", ""aker"", ""aker"", ""aker"", ""heloke""]"
ja-tu-ru	ja-tu-ru	ja-tu-ru-sa-i-d	5	xle	Eteocypriot	awis	4	0.8000	4	5		"[""rom"", ""awis"", ""awis"", ""awis"", ""awis""]"
a-sa-u-na	a-sa-u-na	a-sa-u-na-ka-na	5	xle	Eteocypriot	tawarzio	8	0.8000	4	5		"[""p\u02b0oke"", ""tawarzio"", ""tawarzio"", ""tawarzio"", ""tawarzio""]"
a-i-*301-u-ti	a-i-*301-u-ti	a-i-*301-u-ti-nu-ja	5	xle	Eteocypriot	heloke	6	0.8000	4	5	verb form	"[""heloke"", ""heloke"", ""heloke"", ""heloke"", ""aker""]"
wa-ja-ja	wa-ja-ja	wa-ja-ja-sa-sa	16	xle	Eteocypriot	napʰotʰ	7	0.7500	12	16		"[""maw"", ""nap\u02b0ot\u02b0"", ""rom"", ""nap\u02b0ot\u02b0"", ""nap\u02b0ot\u02b0"", ""awis"", ""nap\u02b0ot\u02b0"", ""nap\u02b0ot\u02b0"", ""nap\u02b0ot\u02b0"", ""nap\u02b0ot\u02b0"", ""nap\u02b0ot\u02b0"", ""nap\u02b0ot\u02b0"", ""nap\u02b0ot\u02b0"", ""nap\u02b0ot\u02b0"", ""aker"", ""nap\u02b0ot\u02b0""]"
tu-me-i	tu-me-i	tu-me-i-ja-sa-u	7	xle	Eteocypriot	aker	4	0.7143	5	7	made	"[""p\u02b0oke"", ""p\u02b0oke"", ""aker"", ""aker"", ""aker"", ""aker"", ""aker""]"
sa-sa-ra	sa-sa-ra	sa-sa-ra-me-u-n	10	phn	Phoenician	taħat	5	1.0000	10	10		"[""ta\u0127at"", ""ta\u0127at"", ""ta\u0127at"", ""ta\u0127at"", ""ta\u0127at"", ""ta\u0127at"", ""ta\u0127at"", ""ta\u0127at"", ""ta\u0127at"", ""ta\u0127at""]"
a-sa-sa	a-sa-sa	a-sa-sa-ra-me-u	9	phn	Phoenician	taħat	5	1.0000	9	9		"[""ta\u0127at"", ""ta\u0127at"", ""ta\u0127at"", ""ta\u0127at"", ""ta\u0127at"", ""ta\u0127at"", ""ta\u0127at"", ""ta\u0127at"", ""ta\u0127at""]"
ja-a-di	ja-a-di	ja-a-di-ki-te-s	6	phn	Phoenician	ʔanī	4	1.0000	6	6		"[""\u0294an\u012b"", ""\u0294an\u012b"", ""\u0294an\u012b"", ""\u0294an\u012b"", ""\u0294an\u012b"", ""\u0294an\u012b""]"
a-i-*301-ti	a-i-*301-ti	a-i-*301-ti-ja-sa-s	6	phn	Phoenician	alef	4	1.0000	6	6		"[""alef"", ""alef"", ""alef"", ""alef"", ""alef"", ""alef""]"
ru-sa-i	ru-sa-i	ru-sa-i-da-a-u	5	phn	Phoenician	pani	4	1.0000	5	5		"[""pani"", ""pani"", ""pani"", ""pani"", ""pani""]"
a-ja-a-di	a-ja-a-di	a-ja-a-di-ki-te	5	phn	Phoenician	ʔanī	4	1.0000	5	5		"[""\u0294an\u012b"", ""\u0294an\u012b"", ""\u0294an\u012b"", ""\u0294an\u012b"", ""\u0294an\u012b""]"
wa-e-a-di	wa-e-a-di	wa-e-a-di-ki-te	5	phn	Phoenician	pani	4	1.0000	5	5		"[""pani"", ""pani"", ""pani"", ""pani"", ""pani""]"
a-i-*301-u-ti	a-i-*301-u-ti	a-i-*301-u-ti-nu-ja	5	phn	Phoenician	alef	4	1.0000	5	5		"[""alef"", ""alef"", ""alef"", ""alef"", ""alef""]"
si-ru-te	si-ru-te	si-ru-te-i-di	4	phn	Phoenician	sˤūr	4	1.0000	4	4		"[""s\u02e4\u016br"", ""s\u02e4\u016br"", ""s\u02e4\u016br"", ""s\u02e4\u016br""]"
a-da-da	a-da-da	a-da-da-u-ti-nu	6	phn	Phoenician	mamlaːḵaː	9	0.8333	5	6		"[""\u0294atta"", ""mamla\u02d0\u1e35a\u02d0"", ""mamla\u02d0\u1e35a\u02d0"", ""mamla\u02d0\u1e35a\u02d0"", ""mamla\u02d0\u1e35a\u02d0"", ""mamla\u02d0\u1e35a\u02d0""]"
a-ja-di	a-ja-di	a-ja-di-ki-tu-j	6	phn	Phoenician	ʔanī	4	0.8333	5	6		"[""\u0294an\u012b"", ""\u0294an\u012b"", ""\u0294an\u012b"", ""\u0294an\u012b"", ""\u0294an\u012b"", ""\u0294a\u1e2b""]"
si-i-pi	si-i-pi	si-i-pi-na-ma-i	6	phn	Phoenician	pani	4	0.8333	5	6		"[""pani"", ""pani"", ""pani"", ""pani"", ""k\u02b0amma\u02d0n"", ""pani""]"
u-ru-sa	u-ru-sa	u-ru-sa-i-da-a-u	6	phn	Phoenician	pani	4	0.8333	5	6		"[""\u0283at"", ""pani"", ""pani"", ""pani"", ""pani"", ""pani""]"
na-i-*301-u	na-i-*301-u	na-i-*301-u-ti-nu-j	6	phn	Phoenician	alef	4	0.8333	5	6		"[""lib"", ""alef"", ""alef"", ""alef"", ""alef"", ""alef""]"
a-na-i-*301	a-na-i-*301	a-na-i-*301-u-ti-nu	11	phn	Phoenician	alef	4	0.8182	9	11		"[""\u0127ajj\u00edm"", ""alef"", ""\u0127ajj\u00edm"", ""alef"", ""alef"", ""alef"", ""alef"", ""alef"", ""alef"", ""alef"", ""alef""]"
na-da-da	na-da-da	na-da-da-u-ti-n	5	phn	Phoenician	mamlaːḵaː	9	0.8000	4	5		"[""ja\u1e6fm\u0101"", ""mamla\u02d0\u1e35a\u02d0"", ""mamla\u02d0\u1e35a\u02d0"", ""mamla\u02d0\u1e35a\u02d0"", ""mamla\u02d0\u1e35a\u02d0""]"
na-ma-si	na-ma-si	na-ma-si-ru-te	5	phn	Phoenician	ʔalaʃija	8	0.8000	4	5		"[""\u0283at"", ""\u0294ala\u0283ija"", ""\u0294ala\u0283ija"", ""\u0294ala\u0283ija"", ""\u0294ala\u0283ija""]"
sa-ra-ma	sa-ra-ma	sa-ra-ma-na-da	5	phn	Phoenician	kʰammaːn	8	0.8000	4	5		"[""\u0283al\u0101mu"", ""k\u02b0amma\u02d0n"", ""k\u02b0amma\u02d0n"", ""k\u02b0amma\u02d0n"", ""k\u02b0amma\u02d0n""]"
se-ka-na	se-ka-na	se-ka-na-si-si	5	phn	Phoenician	taħat	5	0.8000	4	5		"[""k\u02b0amma\u02d0n"", ""ta\u0127at"", ""ta\u0127at"", ""ta\u0127at"", ""ta\u0127at""]"
tu-ru-sa	tu-ru-sa	tu-ru-sa-i-da-a	5	phn	Phoenician	pani	4	0.8000	4	5		"[""be\u02d0t"", ""pani"", ""pani"", ""pani"", ""pani""]"
wa-ja-tu	wa-ja-tu	wa-ja-tu-ru-sa	5	phn	Phoenician	ʃāqḗḏ	5	0.8000	4	5		"[""\u0283\u0101q\u1e17\u1e0f"", ""\u0283\u0101q\u1e17\u1e0f"", ""\u0283\u0101q\u1e17\u1e0f"", ""\u0283\u0101q\u1e17\u1e0f"", ""\u0294atta""]"
na-i-*301-ti	na-i-*301-ti	na-i-*301-ti-ja-sa	5	phn	Phoenician	alef	4	0.8000	4	5		"[""\u0294an\u012b"", ""alef"", ""alef"", ""alef"", ""alef""]"
nwa-za	nwa-za	nwa-za-*56-ni	4	phn	Phoenician	kalb	4	0.7500	3	4	dog	"[""kalb"", ""kalb"", ""kalb"", ""pani""]"
a-na-si	a-na-si	a-na-si-si-r	4	phn	Phoenician	ʃiħēt	5	0.7500	3	4		"[""\u0283at"", ""\u0283i\u0127\u0113t"", ""\u0283i\u0127\u0113t"", ""\u0283i\u0127\u0113t""]"
i-nwa-za	i-nwa-za	i-nwa-za-*56-ni	4	phn	Phoenician	kalb	4	0.7500	3	4	dog	"[""kalb"", ""kalb"", ""kalb"", ""pani""]"
ka-na-si	ka-na-si	ka-na-si-si-r	4	phn	Phoenician	ʃiħēt	5	0.7500	3	4		"[""\u0283at"", ""\u0283i\u0127\u0113t"", ""\u0283i\u0127\u0113t"", ""\u0283i\u0127\u0113t""]"
si-i-pi	si-i-pi	si-i-pi-na-ma-i	6	cms	Messapic	bilia	5	1.0000	6	6	daughter	"[""bilia"", ""bilia"", ""bilia"", ""bilia"", ""bilia"", ""bilia""]"
i-ja-re	i-ja-re	i-ja-re-di-ja	5	cms	Messapic	aran	4	1.0000	5	5	arable land	"[""aran"", ""aran"", ""aran"", ""aran"", ""aran""]"
ke-ta-na	ke-ta-na	ke-ta-na-i-*301-ti	5	cms	Messapic	dasta	5	1.0000	5	5	personal name	"[""dasta"", ""dasta"", ""dasta"", ""dasta"", ""dasta""]"
sa-ra-ma	sa-ra-ma	sa-ra-ma-na-da	5	cms	Messapic	mazzes	6	1.0000	5	5	greater	"[""mazzes"", ""mazzes"", ""mazzes"", ""mazzes"", ""mazzes""]"
ti-nu-ja	ti-nu-ja	ti-nu-ja-sa-sa	5	cms	Messapic	teuta	5	1.0000	5	5	community/people	"[""teuta"", ""teuta"", ""teuta"", ""teuta"", ""teuta""]"
a-si-i-pi	a-si-i-pi	a-si-i-pi-na-ma	5	cms	Messapic	bilia	5	1.0000	5	5	daughter	"[""bilia"", ""bilia"", ""bilia"", ""bilia"", ""bilia""]"
*301-u-ti-nu	*301-u-ti-nu	*301-u-ti-nu-ja-sa	5	cms	Messapic	teuta	5	1.0000	5	5	community/people	"[""teuta"", ""teuta"", ""teuta"", ""teuta"", ""teuta""]"
si-ru-te	si-ru-te	si-ru-te-i-di	4	cms	Messapic	bilia	5	1.0000	4	4	daughter	"[""bilia"", ""bilia"", ""bilia"", ""bilia""]"
i-pi-na	i-pi-na	i-pi-na-ma-si-r	9	cms	Messapic	teuta	5	0.8889	8	9	community/people	"[""teuta"", ""teuta"", ""teuta"", ""teuta"", ""teuta"", ""teuta"", ""teuta"", ""teuta"", ""tabara""]"
a-ma-na	a-ma-na	a-ma-na-da-wa-i	6	cms	Messapic	teuta	5	0.8333	5	6	community/people	"[""teuta"", ""teuta"", ""teuta"", ""teuta"", ""teuta"", ""toi""]"
na-si-i	na-si-i	na-si-i-pi-na-m	6	cms	Messapic	bilia	5	0.8333	5	6	daughter	"[""bilia"", ""mazzes"", ""bilia"", ""bilia"", ""bilia"", ""bilia""]"
re-i-ke	re-i-ke	re-i-ke-ta-na-i	6	cms	Messapic	aran	4	0.8333	5	6	arable land	"[""aran"", ""aran"", ""aran"", ""aran"", ""aran"", ""ai""]"
sa-sa-ra	sa-sa-ra	sa-sa-ra-me-u-n	10	cms	Messapic	mazzes	6	0.8000	8	10	greater	"[""mazzes"", ""mazzes"", ""mazzes"", ""mazzes"", ""mazzes"", ""ma"", ""mazzes"", ""mazzes"", ""ma"", ""mazzes""]"
a-ma-si	a-ma-si	a-ma-si-ru-te	5	cms	Messapic	bilia	5	0.8000	4	5	daughter	"[""ma"", ""bilia"", ""bilia"", ""bilia"", ""bilia""]"
i-na-ja	i-na-ja	i-na-ja-re-ta	5	cms	Messapic	aran	4	0.8000	4	5	arable land	"[""ai"", ""aran"", ""aran"", ""aran"", ""aran""]"
na-ma-si	na-ma-si	na-ma-si-ru-te	5	cms	Messapic	bilia	5	0.8000	4	5	daughter	"[""ma"", ""bilia"", ""bilia"", ""bilia"", ""bilia""]"
a-i-na-ja	a-i-na-ja	a-i-na-ja-re-ta	5	cms	Messapic	aran	4	0.8000	4	5	arable land	"[""teuta"", ""aran"", ""aran"", ""aran"", ""aran""]"
e-u-na-ru	e-u-na-ru	e-u-na-ru-ka-na	5	cms	Messapic	aran	4	0.8000	4	5	arable land	"[""zis"", ""aran"", ""aran"", ""aran"", ""aran""]"
i-i-pi-na	i-i-pi-na	i-i-pi-na-ma-i-n	5	cms	Messapic	teuta	5	0.8000	4	5	community/people	"[""ai"", ""teuta"", ""teuta"", ""teuta"", ""teuta""]"
pi-na-ma	pi-na-ma	pi-na-ma-i-na-j	9	cms	Messapic	teuta	5	0.7778	7	9	community/people	"[""teuta"", ""teuta"", ""teuta"", ""teuta"", ""teuta"", ""teuta"", ""tabara"", ""tabara"", ""teuta""]"
a-sa-ra	a-sa-ra	a-sa-ra-me-u-na	13	cms	Messapic	mazzes	6	0.7692	10	13	greater	"[""mazzes"", ""mazzes"", ""mazzes"", ""mazzes"", ""mazzes"", ""ma"", ""mazzes"", ""mazzes"", ""ma"", ""mazzes"", ""mazzes"", ""bilia"", ""mazzes""]"
ta-i-*301-wa	ta-i-*301-wa	ta-i-*301-wa-ja-a-j	16	cms	Messapic	klaohi	6	0.7500	12	16	hear (present imperative 3sg)	"[""ai"", ""ai"", ""ai"", ""klaohi"", ""klaohi"", ""klaohi"", ""klaohi"", ""klaohi"", ""klaohi"", ""klaohi"", ""klaohi"", ""klaohi"", ""klaohi"", ""ai"", ""klaohi"", ""klaohi""]"
i-ru-te	i-ru-te	i-ru-te-i-di	4	cms	Messapic	aran	4	0.7500	3	4	arable land	"[""aran"", ""aran"", ""aran"", ""bilia""]"
a-ja-i-nwa	a-ja-i-nwa	a-ja-i-nwa-za-*56	4	cms	Messapic	tʰautori	8	0.7500	3	4		"[""t\u02b0autori"", ""t\u02b0autori"", ""t\u02b0autori"", ""klaohi""]"
a-na-da	a-na-da	a-na-da-wa-i-ja	6	elx	Elamite	ruku	4	1.0000	6	6	testicle	"[""ruku"", ""ruku"", ""ruku"", ""ruku"", ""ruku"", ""ruku""]"
nu-i-na	nu-i-na	nu-i-na-i-da-ja	6	elx	Elamite	ruku	4	1.0000	6	6	testicle	"[""ruku"", ""ruku"", ""ruku"", ""ruku"", ""ruku"", ""ruku""]"
na-da-wa	na-da-wa	na-da-wa-i-ja	4	elx	Elamite	ruku	4	1.0000	4	4	testicle	"[""ruku"", ""ruku"", ""ruku"", ""ruku""]"
ra-me-u	ra-me-u	ra-me-u-na-ru-k	9	elx	Elamite	muru	4	0.8889	8	9	earth	"[""muru"", ""mur"", ""muru"", ""muru"", ""muru"", ""muru"", ""muru"", ""muru"", ""muru""]"
di-ki-te	di-ki-te	di-ki-te-te-re	9	elx	Elamite	abebe	5	0.8889	8	9	food	"[""abebe"", ""abebe"", ""abebe"", ""abebe"", ""abebe"", ""abebe"", ""abebe"", ""bau"", ""abebe""]"
a-ra-ma	a-ra-ma	a-ra-ma-na-da-w	6	elx	Elamite	muru	4	0.8333	5	6	earth	"[""muru"", ""mur"", ""muru"", ""muru"", ""muru"", ""muru""]"
u-i-na-i	u-i-na-i	u-i-na-i-da-ja-s	6	elx	Elamite	ruku	4	0.8333	5	6	testicle	"[""ruku"", ""ruku"", ""ruku"", ""ruku"", ""ruku"", ""tuu\u0283""]"
i-ki-te	i-ki-te	i-ki-te-te-re-p	10	elx	Elamite	abebe	5	0.8000	8	10	food	"[""abebe"", ""abebe"", ""abebe"", ""abebe"", ""abebe"", ""abebe"", ""abebe"", ""bau"", ""abebe"", ""ayak""]"
te-i-da	te-i-da	te-i-da-ja-ja	5	elx	Elamite	buni	4	0.8000	4	5	heart	"[""bau"", ""buni"", ""buni"", ""buni"", ""buni""]"
na-da-da	na-da-da	na-da-da-u-ti-n	5	elx	Elamite	ruku	4	0.8000	4	5	testicle	"[""ruku"", ""ruku"", ""ruku"", ""ruku"", ""ruelpa""]"
ra-ma-na	ra-ma-na	ra-ma-na-da-wa	5	elx	Elamite	muru	4	0.8000	4	5	earth	"[""muru"", ""muru"", ""muru"", ""muru"", ""mardu""]"
se-ka-na	se-ka-na	se-ka-na-si-si	5	elx	Elamite	tuuʃ	4	0.8000	4	5		"[""\u0283alur"", ""tuu\u0283"", ""tuu\u0283"", ""tuu\u0283"", ""tuu\u0283""]"
a-ja-a-di	a-ja-a-di	a-ja-a-di-ki-te	5	elx	Elamite	ukkubati	8	0.8000	4	5	wiktionary	"[""ukku"", ""ukkubati"", ""ukkubati"", ""ukkubati"", ""ukkubati""]"
e-a-di-ki	e-a-di-ki	e-a-di-ki-te-te	5	elx	Elamite	abebe	5	0.8000	4	5	food	"[""ukkubati"", ""abebe"", ""abebe"", ""abebe"", ""abebe""]"
i-nu-i-na	i-nu-i-na	i-nu-i-na-i-da-j	5	elx	Elamite	ruku	4	0.8000	4	5	testicle	"[""bau"", ""ruku"", ""ruku"", ""ruku"", ""ruku""]"
a-na-si	a-na-si	a-na-si-si-r	4	elx	Elamite	uriʃ	4	0.7500	3	4		"[""uri\u0283"", ""uri\u0283"", ""uri\u0283"", ""rum""]"
i-da-ja	i-da-ja	i-da-ja-ja	4	elx	Elamite	buni	4	0.7500	3	4	heart	"[""buni"", ""buni"", ""tuu\u0283"", ""buni""]"
na-i-da	na-i-da	na-i-da-ja-s	4	elx	Elamite	ruku	4	0.7500	3	4	testicle	"[""ruku"", ""ruku"", ""ruku"", ""tuu\u0283""]"
ka-na-si	ka-na-si	ka-na-si-si-r	4	elx	Elamite	antsi	5	0.7500	3	4		"[""eul"", ""antsi"", ""antsi"", ""antsi""]"
ki-te-te	ki-te-te	ki-te-te-re-p	4	elx	Elamite	abebe	5	0.7500	3	4	food	"[""abebe"", ""abebe"", ""abebe"", ""ayak""]"
i-na-i-da	i-na-i-da	i-na-i-da-ja-s	4	elx	Elamite	ruku	4	0.7500	3	4	testicle	"[""ruku"", ""ruku"", ""ruku"", ""tuu\u0283""]"
ke-ta-na	ke-ta-na	ke-ta-na-i-*301-ti	5	xrr	Etruscan	enθus	5	1.0000	5	5	of (the community of) enθu*	"[""en\u03b8us"", ""en\u03b8us"", ""en\u03b8us"", ""en\u03b8us"", ""en\u03b8us""]"
e-u-na-ka	e-u-na-ka	e-u-na-ka-na-si	5	xrr	Etruscan	tite	4	1.0000	5	5	tite	"[""tite"", ""tite"", ""tite"", ""tite"", ""tite""]"
nwa-za	nwa-za	nwa-za-*56-ni	4	xrr	Etruscan	θaukʰ-	5	1.0000	4	4		"[""\u03b8auk\u02b0-"", ""\u03b8auk\u02b0-"", ""\u03b8auk\u02b0-"", ""\u03b8auk\u02b0-""]"
i-nwa-za	i-nwa-za	i-nwa-za-*56-ni	4	xrr	Etruscan	θaukʰ-	5	1.0000	4	4		"[""\u03b8auk\u02b0-"", ""\u03b8auk\u02b0-"", ""\u03b8auk\u02b0-"", ""\u03b8auk\u02b0-""]"
na-da-wa	na-da-wa	na-da-wa-i-ja	4	xrr	Etruscan	θaukʰ-	5	1.0000	4	4		"[""\u03b8auk\u02b0-"", ""\u03b8auk\u02b0-"", ""\u03b8auk\u02b0-"", ""\u03b8auk\u02b0-""]"
a-i-nwa	a-i-nwa	a-i-nwa-za-*56-ni	6	xrr	Etruscan	θaukʰ-	5	0.8333	5	6		"[""-\u00d8"", ""\u03b8auk\u02b0-"", ""\u03b8auk\u02b0-"", ""\u03b8auk\u02b0-"", ""\u03b8auk\u02b0-"", ""\u03b8auk\u02b0-""]"
i-ke-ta	i-ke-ta	i-ke-ta-na-i-*301-t	6	xrr	Etruscan	enθus	5	0.8333	5	6	of (the community of) enθu*	"[""ker"", ""en\u03b8us"", ""en\u03b8us"", ""en\u03b8us"", ""en\u03b8us"", ""en\u03b8us""]"
na-i-*301-u	na-i-*301-u	na-i-*301-u-ti-nu-j	6	xrr	Etruscan	tʰal	4	0.8333	5	6		"[""-\u00d8"", ""t\u02b0al"", ""t\u02b0al"", ""t\u02b0al"", ""t\u02b0al"", ""t\u02b0al""]"
sa-u-na	sa-u-na	sa-u-na-ka-na	5	xrr	Etruscan	tite	4	0.8000	4	5	tite	"[""-\u00d8"", ""tite"", ""tite"", ""tite"", ""tite""]"
u-na-ka	u-na-ka	u-na-ka-na-si	5	xrr	Etruscan	tite	4	0.8000	4	5	tite	"[""tite"", ""tite"", ""tite"", ""tite"", ""-\u00d8""]"
ja-i-nwa	ja-i-nwa	ja-i-nwa-za-*56-n	5	xrr	Etruscan	θaukʰ-	5	0.8000	4	5		"[""-\u00d8"", ""\u03b8auk\u02b0-"", ""\u03b8auk\u02b0-"", ""\u03b8auk\u02b0-"", ""\u03b8auk\u02b0-""]"
ra-ma-na	ra-ma-na	ra-ma-na-da-wa	5	xrr	Etruscan	utiku	5	0.8000	4	5	given/donated (participle)	"[""-\u00d8"", ""utiku"", ""utiku"", ""utiku"", ""utiku""]"
a-sa-u-na	a-sa-u-na	a-sa-u-na-ka-na	5	xrr	Etruscan	tite	4	0.8000	4	5	tite	"[""-\u00d8"", ""tite"", ""tite"", ""tite"", ""tite""]"
e-i-ke-ta	e-i-ke-ta	e-i-ke-ta-na-i-*301	5	xrr	Etruscan	enθus	5	0.8000	4	5	of (the community of) enθu*	"[""ker"", ""en\u03b8us"", ""en\u03b8us"", ""en\u03b8us"", ""en\u03b8us""]"
e-u-na-ru	e-u-na-ru	e-u-na-ru-ka-na	5	xrr	Etruscan	tite	4	0.8000	4	5	tite	"[""-u"", ""tite"", ""tite"", ""tite"", ""tite""]"
na-i-*301-ti	na-i-*301-ti	na-i-*301-ti-ja-sa	5	xrr	Etruscan	tʰal	4	0.8000	4	5		"[""t\u02b0al"", ""t\u02b0al"", ""t\u02b0al"", ""t\u02b0al"", ""-l(a)""]"
a-da-wa	a-da-wa	a-da-wa-i-ja	4	xrr	Etruscan	sukʰ	4	0.7500	3	4		"[""suk\u02b0"", ""suk\u02b0"", ""suk\u02b0"", ""\u03b8auk\u02b0-""]"
a-ja-i-nwa	a-ja-i-nwa	a-ja-i-nwa-za-*56	4	xrr	Etruscan	θaukʰ-	5	0.7500	3	4		"[""-\u00d8"", ""\u03b8auk\u02b0-"", ""\u03b8auk\u02b0-"", ""\u03b8auk\u02b0-""]"
me-u-na	me-u-na	me-u-na-ru-ka-n	11	xrr	Etruscan	tite	4	0.7273	8	11	tite	"[""-\u00d8"", ""tite"", ""-u"", ""tite"", ""-u"", ""tite"", ""tite"", ""tite"", ""tite"", ""tite"", ""tite""]"
ta-na-i	ta-na-i	ta-na-i-*301-u-ti-nu	11	xrr	Etruscan	tʰal	4	0.7273	8	11		"[""-\u00d8"", ""-\u00d8"", ""t\u02b0al"", ""-\u00d8"", ""t\u02b0al"", ""t\u02b0al"", ""t\u02b0al"", ""t\u02b0al"", ""t\u02b0al"", ""t\u02b0al"", ""t\u02b0al""]"
a-na-i-*301	a-na-i-*301	a-na-i-*301-u-ti-nu	11	xrr	Etruscan	tʰal	4	0.7273	8	11		"[""-\u00d8"", ""t\u02b0al"", ""-\u00d8"", ""t\u02b0al"", ""t\u02b0al"", ""t\u02b0al"", ""t\u02b0al"", ""t\u02b0al"", ""t\u02b0al"", ""-l(a)"", ""t\u02b0al""]"
a-na-ti	a-na-ti	a-na-ti-*301-wa-ja	6	dra-pro	Proto-Dravidian	paːʈa-	5	1.0000	6	6		"[""pa\u02d0\u0288a-"", ""pa\u02d0\u0288a-"", ""pa\u02d0\u0288a-"", ""pa\u02d0\u0288a-"", ""pa\u02d0\u0288a-"", ""pa\u02d0\u0288a-""]"
ja-ta-i	ja-ta-i	ja-ta-i-*301-u-ja	5	dra-pro	Proto-Dravidian	piːr	4	1.0000	5	5		"[""pi\u02d0r"", ""pi\u02d0r"", ""pi\u02d0r"", ""pi\u02d0r"", ""pi\u02d0r""]"
wa-ja-tu	wa-ja-tu	wa-ja-tu-ru-sa	5	dra-pro	Proto-Dravidian	paːʈa-	5	1.0000	5	5		"[""pa\u02d0\u0288a-"", ""pa\u02d0\u0288a-"", ""pa\u02d0\u0288a-"", ""pa\u02d0\u0288a-"", ""pa\u02d0\u0288a-""]"
i-da-ja	i-da-ja	i-da-ja-ja	4	dra-pro	Proto-Dravidian	jaɳʈ-	4	1.0000	4	4		"[""ja\u0273\u0288-"", ""ja\u0273\u0288-"", ""ja\u0273\u0288-"", ""ja\u0273\u0288-""]"
me-i-ja	me-i-ja	me-i-ja-sa-u-na	8	dra-pro	Proto-Dravidian	jaɳʈ-	4	0.8750	7	8		"[""ir-"", ""ja\u0273\u0288-"", ""ja\u0273\u0288-"", ""ja\u0273\u0288-"", ""ja\u0273\u0288-"", ""ja\u0273\u0288-"", ""ja\u0273\u0288-"", ""ja\u0273\u0288-""]"
e-i-ja-sa	e-i-ja-sa	e-i-ja-sa-u-na-k	7	dra-pro	Proto-Dravidian	jaɳʈ-	4	0.8571	6	7		"[""ja\u0273\u0288-"", ""ja\u0273\u0288-"", ""ja\u0273\u0288-"", ""ja\u0273\u0288-"", ""ja\u0273\u0288-"", ""ja\u0273\u0288-"", ""ja\u02d0\u0288u""]"
a-ja-tu	a-ja-tu	a-ja-tu-ru-sa-i	6	dra-pro	Proto-Dravidian	paːʈa-	5	0.8333	5	6		"[""pa\u02d0\u0288a-"", ""pa\u02d0\u0288a-"", ""pa\u02d0\u0288a-"", ""pa\u02d0\u0288a-"", ""pa\u02d0\u0288a-"", ""pi\u02d0r""]"
nu-i-na	nu-i-na	nu-i-na-i-da-ja	6	dra-pro	Proto-Dravidian	jaɳʈ-	4	0.8333	5	6		"[""ir-"", ""ja\u0273\u0288-"", ""ja\u0273\u0288-"", ""ja\u0273\u0288-"", ""ja\u0273\u0288-"", ""ja\u0273\u0288-""]"
u-i-na-i	u-i-na-i	u-i-na-i-da-ja-s	6	dra-pro	Proto-Dravidian	jaɳʈ-	4	0.8333	5	6		"[""ja\u0273\u0288-"", ""ja\u0273\u0288-"", ""ja\u0273\u0288-"", ""ja\u0273\u0288-"", ""ja\u0273\u0288-"", ""po\u0288\u0288-""]"
a-si-i-pi	a-si-i-pi	a-si-i-pi-na-ma	5	dra-pro	Proto-Dravidian	paːraj	6	0.8000	4	5		"[""pa\u02d0raj"", ""pa\u02d0raj"", ""pa\u02d0raj"", ""pa\u02d0raj"", ""ja\u0273\u0288-""]"
i-i-pi-na	i-i-pi-na	i-i-pi-na-ma-i-n	5	dra-pro	Proto-Dravidian	jaɳʈ-	4	0.8000	4	5		"[""ja\u02d0-"", ""ja\u0273\u0288-"", ""ja\u0273\u0288-"", ""ja\u0273\u0288-"", ""ja\u0273\u0288-""]"
i-nu-i-na	i-nu-i-na	i-nu-i-na-i-da-j	5	dra-pro	Proto-Dravidian	jaɳʈ-	4	0.8000	4	5		"[""ja\u02d0-"", ""ja\u0273\u0288-"", ""ja\u0273\u0288-"", ""ja\u0273\u0288-"", ""ja\u0273\u0288-""]"
na-i-*301-ti	na-i-*301-ti	na-i-*301-ti-ja-sa	5	dra-pro	Proto-Dravidian	paːraj	6	0.8000	4	5		"[""pa\u02d0raj"", ""pa\u02d0raj"", ""pa\u02d0raj"", ""pa\u02d0raj"", ""pa\u02d0\u0288a-""]"
a-i-*301-u-ti	a-i-*301-u-ti	a-i-*301-u-ti-nu-ja	5	dra-pro	Proto-Dravidian	paːraj	6	0.8000	4	5		"[""pa\u02d0raj"", ""pa\u02d0raj"", ""pa\u02d0raj"", ""pa\u02d0raj"", ""ja\u02d0-""]"
i-pi-na	i-pi-na	i-pi-na-ma-si-r	9	dra-pro	Proto-Dravidian	jaɳʈ-	4	0.7778	7	9		"[""ja\u02d0-"", ""ja\u0273\u0288-"", ""ja\u0273\u0288-"", ""ja\u0273\u0288-"", ""ja\u0273\u0288-"", ""ja\u0273\u0288-"", ""ja\u0273\u0288-"", ""ja\u0273\u0288-"", ""ja\u02d0h""]"
pi-na-ma	pi-na-ma	pi-na-ma-i-na-j	9	dra-pro	Proto-Dravidian	jaɳʈ-	4	0.7778	7	9		"[""ja\u0273\u0288-"", ""ja\u0273\u0288-"", ""ja\u0273\u0288-"", ""ja\u0273\u0288-"", ""ja\u0273\u0288-"", ""ja\u0273\u0288-"", ""ja\u02d0h"", ""ja\u0273\u0288-"", ""po\u0288\u0288-""]"
i-te-te	i-te-te	i-te-te-re-p	4	dra-pro	Proto-Dravidian	jaːh	4	0.7500	3	4		"[""ja\u02d0-"", ""ja\u02d0h"", ""ja\u02d0h"", ""ja\u02d0h""]"
ki-te-te	ki-te-te	ki-te-te-re-p	4	dra-pro	Proto-Dravidian	jaːh	4	0.7500	3	4		"[""ja\u02d0-"", ""ja\u02d0h"", ""ja\u02d0h"", ""ja\u02d0h""]"
i-na-i-da	i-na-i-da	i-na-i-da-ja-s	4	dra-pro	Proto-Dravidian	jaɳʈ-	4	0.7500	3	4		"[""ja\u0273\u0288-"", ""ja\u0273\u0288-"", ""ja\u0273\u0288-"", ""po\u0288\u0288-""]"
u-me-i-ja	u-me-i-ja	u-me-i-ja-sa-u-n	7	dra-pro	Proto-Dravidian	jaɳʈ-	4	0.7143	5	7		"[""ku\u02d0r-"", ""ja\u0273\u0288-"", ""ja\u0273\u0288-"", ""ja\u0273\u0288-"", ""ja\u0273\u0288-"", ""po\u0288\u0288-"", ""ja\u0273\u0288-""]"
a-na-da	a-na-da	a-na-da-wa-i-ja	6	sem-pro	Proto-Semitic	warx-	4	1.0000	6	6		"[""warx-"", ""warx-"", ""warx-"", ""warx-"", ""warx-"", ""warx-""]"
e-ta-na	e-ta-na	e-ta-na-i-*301-ti-j	6	sem-pro	Proto-Semitic	nuːr-	4	1.0000	6	6		"[""nu\u02d0r-"", ""nu\u02d0r-"", ""nu\u02d0r-"", ""nu\u02d0r-"", ""nu\u02d0r-"", ""nu\u02d0r-""]"
te-i-da	te-i-da	te-i-da-ja-ja	5	sem-pro	Proto-Semitic	muxx-	4	1.0000	5	5		"[""muxx-"", ""muxx-"", ""muxx-"", ""muxx-"", ""muxx-""]"
ke-ta-na	ke-ta-na	ke-ta-na-i-*301-ti	5	sem-pro	Proto-Semitic	ɡadj-	4	1.0000	5	5		"[""\u0261adj-"", ""\u0261adj-"", ""\u0261adj-"", ""\u0261adj-"", ""\u0261adj-""]"
ma-na-da	ma-na-da	ma-na-da-wa-i-j	5	sem-pro	Proto-Semitic	warx-	4	1.0000	5	5		"[""warx-"", ""warx-"", ""warx-"", ""warx-"", ""warx-""]"
na-i-da	na-i-da	na-i-da-ja-s	4	sem-pro	Proto-Semitic	warx-	4	1.0000	4	4		"[""warx-"", ""warx-"", ""warx-"", ""warx-""]"
na-da-wa	na-da-wa	na-da-wa-i-ja	4	sem-pro	Proto-Semitic	warx-	4	1.0000	4	4		"[""warx-"", ""warx-"", ""warx-"", ""warx-""]"
i-na-i-da	i-na-i-da	i-na-i-da-ja-s	4	sem-pro	Proto-Semitic	warx-	4	1.0000	4	4		"[""warx-"", ""warx-"", ""warx-"", ""warx-""]"
e-ka-na	e-ka-na	e-ka-na-si-si-r	6	sem-pro	Proto-Semitic	marʔ	4	0.8333	5	6	man	"[""ma\u02d0j-"", ""mar\u0294"", ""mar\u0294"", ""mar\u0294"", ""mar\u0294"", ""mar\u0294""]"
e-tu-me	e-tu-me	e-tu-me-i-ja-sa	6	sem-pro	Proto-Semitic	ʕaθ̣m-	5	0.8333	5	6		"[""\u0261i\u02d0d"", ""\u0295a\u03b8\u0323m-"", ""\u0295a\u03b8\u0323m-"", ""\u0295a\u03b8\u0323m-"", ""\u0295a\u03b8\u0323m-"", ""\u0295a\u03b8\u0323m-""]"
ja-di-ki	ja-di-ki	ja-di-ki-tu-ja	5	sem-pro	Proto-Semitic	θuːm-	4	0.8000	4	5		"[""\u03b8in-"", ""\u03b8u\u02d0m-"", ""\u03b8u\u02d0m-"", ""\u03b8u\u02d0m-"", ""\u03b8u\u02d0m-""]"
na-da-da	na-da-da	na-da-da-u-ti-n	5	sem-pro	Proto-Semitic	warx-	4	0.8000	4	5		"[""warx-"", ""warx-"", ""warx-"", ""warx-"", ""\u03b8\u0323ahr""]"
sa-ra-ma	sa-ra-ma	sa-ra-ma-na-da	5	sem-pro	Proto-Semitic	ʔarsˤ́-	6	0.8000	4	5		"[""\u0294ars\u02e4\u0301"", ""\u0294ars\u02e4\u0301-"", ""\u0294ars\u02e4\u0301-"", ""\u0294ars\u02e4\u0301-"", ""\u0294ars\u02e4\u0301-""]"
se-ka-na	se-ka-na	se-ka-na-si-si	5	sem-pro	Proto-Semitic	marʔ	4	0.8000	4	5	man	"[""nu\u02d0r-"", ""mar\u0294"", ""mar\u0294"", ""mar\u0294"", ""mar\u0294""]"
*56-e-tu-me	*56-e-tu-me	*56-e-tu-me-i-ja-s	5	sem-pro	Proto-Semitic	ʕaθ̣m-	5	0.8000	4	5		"[""nu\u02d0b"", ""\u0295a\u03b8\u0323m-"", ""\u0295a\u03b8\u0323m-"", ""\u0295a\u03b8\u0323m-"", ""\u0295a\u03b8\u0323m-""]"
nu-*56-e-tu	nu-*56-e-tu	nu-*56-e-tu-me-i-j	5	sem-pro	Proto-Semitic	libb-	4	0.8000	4	5	wiktionary cat	"[""libb-"", ""libb-"", ""libb"", ""libb-"", ""libb-""]"
sa-ra-me	sa-ra-me	sa-ra-me-u-na-r	9	sem-pro	Proto-Semitic	ʔarsˤ́-	6	0.7778	7	9		"[""\u0294ars\u02e4\u0301"", ""\u0294ars\u02e4\u0301-"", ""\u0294ars\u02e4\u0301-"", ""\u0294ars\u02e4\u0301-"", ""\u0294ars\u02e4\u0301-"", ""\u0294ars\u02e4\u0301-"", ""\u0294ars\u02e4\u0301-"", ""\u0294is\u02e4ba\u0295-"", ""\u0294ars\u02e4\u0301-""]"
di-ki-tu	di-ki-tu	di-ki-tu-ja-s	4	sem-pro	Proto-Semitic	θuːm-	4	0.7500	3	4		"[""\u03b8u\u02d0m-"", ""\u03b8u\u02d0m-"", ""\u03b8u\u02d0m-"", ""\u0127ams\u02e4\u0301-""]"
ka-na-si	ka-na-si	ka-na-si-si-r	4	sem-pro	Proto-Semitic	marʔ	4	0.7500	3	4	man	"[""mar\u0294"", ""mar\u0294"", ""mar\u0294"", ""ra\u0294\u0283""]"
si-ru-te	si-ru-te	si-ru-te-i-di	4	sem-pro	Proto-Semitic	ʔarsˤ́-	6	0.7500	3	4		"[""\u0294ars\u02e4\u0301"", ""\u0294ars\u02e4\u0301-"", ""\u0294ars\u02e4\u0301-"", ""\u0294ars\u02e4\u0301-""]"
di-ki-te	di-ki-te	di-ki-te-te-re	9	xcr	Eteocretan	ml̩n	4	1.0000	9	9		"[""ml\u0329n"", ""ml\u0329n"", ""ml\u0329n"", ""ml\u0329n"", ""ml\u0329n"", ""ml\u0329n"", ""ml\u0329n"", ""ml\u0329n"", ""ml\u0329n""]"
se-ka-na	se-ka-na	se-ka-na-si-si	5	xcr	Eteocretan	γέl̩α	5	1.0000	5	5		"[""\u03b3\u03adl\u0329\u03b1"", ""\u03b3\u03adl\u0329\u03b1"", ""\u03b3\u03adl\u0329\u03b1"", ""\u03b3\u03adl\u0329\u03b1"", ""\u03b3\u03adl\u0329\u03b1""]"
e-i-ke-ta	e-i-ke-ta	e-i-ke-ta-na-i-*301	5	xcr	Eteocretan	γέl̩α	5	1.0000	5	5		"[""\u03b3\u03adl\u0329\u03b1"", ""\u03b3\u03adl\u0329\u03b1"", ""\u03b3\u03adl\u0329\u03b1"", ""\u03b3\u03adl\u0329\u03b1"", ""\u03b3\u03adl\u0329\u03b1""]"
*56-e-tu-me	*56-e-tu-me	*56-e-tu-me-i-ja-s	5	xcr	Eteocretan	βάνðα	5	1.0000	5	5		"[""\u03b2\u03ac\u03bd\u00f0\u03b1"", ""\u03b2\u03ac\u03bd\u00f0\u03b1"", ""\u03b2\u03ac\u03bd\u00f0\u03b1"", ""\u03b2\u03ac\u03bd\u00f0\u03b1"", ""\u03b2\u03ac\u03bd\u00f0\u03b1""]"
ki-te-te	ki-te-te	ki-te-te-re-p	4	xcr	Eteocretan	lrTɲ	4	1.0000	4	4		"[""lrT\u0272"", ""lrT\u0272"", ""lrT\u0272"", ""lrT\u0272""]"
a-se-ka	a-se-ka	a-se-ka-na-si-s	6	xcr	Eteocretan	γέl̩α	5	0.8333	5	6		"[""\u2020=l\u0329"", ""\u03b3\u03adl\u0329\u03b1"", ""\u03b3\u03adl\u0329\u03b1"", ""\u03b3\u03adl\u0329\u03b1"", ""\u03b3\u03adl\u0329\u03b1"", ""\u03b3\u03adl\u0329\u03b1""]"
da-da-u	da-da-u	da-da-u-ti-nu-i	6	xcr	Eteocretan	βάνðα	5	0.8333	5	6		"[""\u2020=\u00f0"", ""\u03b2\u03ac\u03bd\u00f0\u03b1"", ""\u03b2\u03ac\u03bd\u00f0\u03b1"", ""\u03b2\u03ac\u03bd\u00f0\u03b1"", ""\u03b2\u03ac\u03bd\u00f0\u03b1"", ""\u03b2\u03ac\u03bd\u00f0\u03b1""]"
da-u-ti	da-u-ti	da-u-ti-nu-i-na	6	xcr	Eteocretan	βάνðα	5	0.8333	5	6		"[""\u03b2\u03ac\u03bd\u00f0\u03b1"", ""\u03b2\u03ac\u03bd\u00f0\u03b1"", ""\u2020=\u00f0"", ""\u03b2\u03ac\u03bd\u00f0\u03b1"", ""\u03b2\u03ac\u03bd\u00f0\u03b1"", ""\u03b2\u03ac\u03bd\u00f0\u03b1""]"
e-ka-na	e-ka-na	e-ka-na-si-si-r	6	xcr	Eteocretan	ἄl̩α	4	0.8333	5	6		"[""\u1f04l\u0329\u03b1"", ""\u1f04l\u0329\u03b1"", ""\u1f04l\u0329\u03b1"", ""\u1f04l\u0329\u03b1"", ""\u1f04l\u0329\u03b1"", ""\u03b3\u03af\u03c3\u03c3\u03b1""]"
i-ke-ta	i-ke-ta	i-ke-ta-na-i-*301-t	6	xcr	Eteocretan	ἄl̩α	4	0.8333	5	6		"[""\u1f04l\u0329\u03b1"", ""\u1f04l\u0329\u03b1"", ""\u1f04l\u0329\u03b1"", ""\u1f04l\u0329\u03b1"", ""\u1f04l\u0329\u03b1"", ""\u03b3\u03af\u03c3\u03c3\u03b1""]"
re-i-ke	re-i-ke	re-i-ke-ta-na-i	6	xcr	Eteocretan	γέl̩α	5	0.8333	5	6		"[""\u2020=l\u0329"", ""\u03b3\u03adl\u0329\u03b1"", ""\u03b3\u03adl\u0329\u03b1"", ""\u03b3\u03adl\u0329\u03b1"", ""\u03b3\u03adl\u0329\u03b1"", ""\u03b3\u03adl\u0329\u03b1""]"
u-*56-e-tu	u-*56-e-tu	u-*56-e-tu-me-i-ja	6	xcr	Eteocretan	βάνðα	5	0.8333	5	6		"[""*mn-"", ""\u03b2\u03ac\u03bd\u00f0\u03b1"", ""\u03b2\u03ac\u03bd\u00f0\u03b1"", ""\u03b2\u03ac\u03bd\u00f0\u03b1"", ""\u03b2\u03ac\u03bd\u00f0\u03b1"", ""\u03b2\u03ac\u03bd\u00f0\u03b1""]"
u-na-ka	u-na-ka	u-na-ka-na-si	5	xcr	Eteocretan	γέl̩α	5	0.8000	4	5		"[""\u2020=l\u0329"", ""\u03b3\u03adl\u0329\u03b1"", ""\u03b3\u03adl\u0329\u03b1"", ""\u03b3\u03adl\u0329\u03b1"", ""\u03b3\u03adl\u0329\u03b1""]"
ja-se-ka	ja-se-ka	ja-se-ka-na-si	5	xcr	Eteocretan	γέl̩α	5	0.8000	4	5		"[""\u2020=l\u0329"", ""\u03b3\u03adl\u0329\u03b1"", ""\u03b3\u03adl\u0329\u03b1"", ""\u03b3\u03adl\u0329\u03b1"", ""\u03b3\u03adl\u0329\u03b1""]"
e-u-na-ka	e-u-na-ka	e-u-na-ka-na-si	5	xcr	Eteocretan	γέl̩α	5	0.8000	4	5		"[""\u2020=l\u0329"", ""\u03b3\u03adl\u0329\u03b1"", ""\u03b3\u03adl\u0329\u03b1"", ""\u03b3\u03adl\u0329\u03b1"", ""\u03b3\u03adl\u0329\u03b1""]"
e-u-na-ru	e-u-na-ru	e-u-na-ru-ka-na	5	xcr	Eteocretan	βάνðα	5	0.8000	4	5		"[""\u2020=\u00f0"", ""\u03b2\u03ac\u03bd\u00f0\u03b1"", ""\u03b2\u03ac\u03bd\u00f0\u03b1"", ""\u03b2\u03ac\u03bd\u00f0\u03b1"", ""\u03b2\u03ac\u03bd\u00f0\u03b1""]"
a-ru-ka	a-ru-ka	a-ru-ka-na-s	4	xcr	Eteocretan	γέl̩α	5	0.7500	3	4		"[""\u2020=l\u0329"", ""\u03b3\u03adl\u0329\u03b1"", ""\u03b3\u03adl\u0329\u03b1"", ""\u03b3\u03adl\u0329\u03b1""]"
i-ki-tu	i-ki-tu	i-ki-tu-ja-s	4	xcr	Eteocretan	ἄl̩α	4	0.7500	3	4		"[""\u2020=\u00f0"", ""\u1f04l\u0329\u03b1"", ""\u1f04l\u0329\u03b1"", ""\u1f04l\u0329\u03b1""]"
di-ki-tu	di-ki-tu	di-ki-tu-ja-s	4	xcr	Eteocretan	βάνðα	5	0.7500	3	4		"[""\u03b3\u03adl\u0329\u03b1"", ""\u03b2\u03ac\u03bd\u00f0\u03b1"", ""\u03b2\u03ac\u03bd\u00f0\u03b1"", ""\u03b2\u03ac\u03bd\u00f0\u03b1""]"
na-ru-ka	na-ru-ka	na-ru-ka-na-s	4	xcr	Eteocretan	γέl̩α	5	0.7500	3	4		"[""\u2020=l\u0329"", ""\u03b3\u03adl\u0329\u03b1"", ""\u03b3\u03adl\u0329\u03b1"", ""\u03b3\u03adl\u0329\u03b1""]"
di-ki-te	di-ki-te	di-ki-te-te-re	9	xpg	Phrygian	pinke	5	1.0000	9	9	five	"[""pinke"", ""pinke"", ""pinke"", ""pinke"", ""pinke"", ""pinke"", ""pinke"", ""pinke"", ""pinke""]"
a-na-ti	a-na-ti	a-na-ti-*301-wa-ja	6	xpg	Phrygian	baɡo	4	1.0000	6	6		"[""ba\u0261o"", ""ba\u0261o"", ""ba\u0261o"", ""ba\u0261o"", ""ba\u0261o"", ""ba\u0261o""]"
a-tu-ru	a-tu-ru	a-tu-ru-sa-i-da	6	xpg	Phrygian	anar	4	1.0000	6	6	husband	"[""anar"", ""anar"", ""anar"", ""anar"", ""anar"", ""anar""]"
i-nu-ja	i-nu-ja	i-nu-ja-sa-sa-r	6	xpg	Phrygian	aoːroː	6	1.0000	6	6		"[""ao\u02d0ro\u02d0"", ""ao\u02d0ro\u02d0"", ""ao\u02d0ro\u02d0"", ""ao\u02d0ro\u02d0"", ""ao\u02d0ro\u02d0"", ""ao\u02d0ro\u02d0""]"
ja-ja-i	ja-ja-i	ja-ja-i-nwa-za	6	xpg	Phrygian	aoːroː	6	1.0000	6	6		"[""ao\u02d0ro\u02d0"", ""ao\u02d0ro\u02d0"", ""ao\u02d0ro\u02d0"", ""ao\u02d0ro\u02d0"", ""ao\u02d0ro\u02d0"", ""ao\u02d0ro\u02d0""]"
nu-i-na	nu-i-na	nu-i-na-i-da-ja	6	xpg	Phrygian	breit	5	1.0000	6	6	cut	"[""breit"", ""breit"", ""breit"", ""breit"", ""breit"", ""breit""]"
si-i-pi	si-i-pi	si-i-pi-na-ma-i	6	xpg	Phrygian	deoːs	5	1.0000	6	6		"[""deo\u02d0s"", ""deo\u02d0s"", ""deo\u02d0s"", ""deo\u02d0s"", ""deo\u02d0s"", ""deo\u02d0s""]"
ja-tu-ru	ja-tu-ru	ja-tu-ru-sa-i-d	5	xpg	Phrygian	anar	4	1.0000	5	5	husband	"[""anar"", ""anar"", ""anar"", ""anar"", ""anar""]"
ti-nu-ja	ti-nu-ja	ti-nu-ja-sa-sa	5	xpg	Phrygian	aoːroː	6	1.0000	5	5		"[""ao\u02d0ro\u02d0"", ""ao\u02d0ro\u02d0"", ""ao\u02d0ro\u02d0"", ""ao\u02d0ro\u02d0"", ""ao\u02d0ro\u02d0""]"
tu-ru-sa	tu-ru-sa	tu-ru-sa-i-da-a	5	xpg	Phrygian	anar	4	1.0000	5	5	husband	"[""anar"", ""anar"", ""anar"", ""anar"", ""anar""]"
a-si-i-pi	a-si-i-pi	a-si-i-pi-na-ma	5	xpg	Phrygian	deoːs	5	1.0000	5	5		"[""deo\u02d0s"", ""deo\u02d0s"", ""deo\u02d0s"", ""deo\u02d0s"", ""deo\u02d0s""]"
i-nu-i-na	i-nu-i-na	i-nu-i-na-i-da-j	5	xpg	Phrygian	breit	5	1.0000	5	5	cut	"[""breit"", ""breit"", ""breit"", ""breit"", ""breit""]"
na-ti-*301	na-ti-*301	na-ti-*301-wa-ja	5	xpg	Phrygian	baɡo	4	1.0000	5	5		"[""ba\u0261o"", ""ba\u0261o"", ""ba\u0261o"", ""ba\u0261o"", ""ba\u0261o""]"
na-i-*301-ti	na-i-*301-ti	na-i-*301-ti-ja-sa	5	xpg	Phrygian	baɡo	4	1.0000	5	5		"[""ba\u0261o"", ""ba\u0261o"", ""ba\u0261o"", ""ba\u0261o"", ""ba\u0261o""]"
wa-ja-ja	wa-ja-ja	wa-ja-ja-sa-sa	16	xpg	Phrygian	aoːroː	6	0.8750	14	16		"[""ao\u02d0ro\u02d0"", ""ao\u02d0ro\u02d0"", ""ao\u02d0ro\u02d0"", ""ao\u02d0ro\u02d0"", ""ao\u02d0ro\u02d0"", ""ao\u02d0ro\u02d0"", ""ao\u02d0ro\u02d0"", ""ao\u02d0ro\u02d0"", ""ao\u02d0ro\u02d0"", ""ao\u02d0ro\u02d0"", ""eti"", ""ao\u02d0ro\u02d0"", ""eti"", ""ao\u02d0ro\u02d0"", ""ao\u02d0ro\u02d0"", ""ao\u02d0ro\u02d0""]"
a-ja-ja	a-ja-ja	a-ja-ja-sa-sa-r	21	xpg	Phrygian	aoːroː	6	0.8571	18	21		"[""ao\u02d0ro\u02d0"", ""ao\u02d0ro\u02d0"", ""ao\u02d0ro\u02d0"", ""ao\u02d0ro\u02d0"", ""ao\u02d0ro\u02d0"", ""ao\u02d0ro\u02d0"", ""ao\u02d0ro\u02d0"", ""ao\u02d0ro\u02d0"", ""ao\u02d0ro\u02d0"", ""ao\u02d0ro\u02d0"", ""ao\u02d0ro\u02d0"", ""ao\u02d0ro\u02d0"", ""eti"", ""ao\u02d0ro\u02d0"", ""eti"", ""ao\u02d0ro\u02d0"", ""ao\u02d0ro\u02d0"", ""ao\u02d0ro\u02d0"", ""eti"", ""ao\u02d0ro\u02d0"", ""ao\u02d0ro\u02d0""]"
a-ma-i-na	a-ma-i-na	a-ma-i-na-ja-re	5	xpg	Phrygian	baɡo	4	0.8000	4	5		"[""ab"", ""ba\u0261o"", ""ba\u0261o"", ""ba\u0261o"", ""ba\u0261o""]"
a-u-ti-nu	a-u-ti-nu	a-u-ti-nu-i-na-i	5	xpg	Phrygian	anar	4	0.8000	4	5	husband	"[""anar"", ""anar"", ""anar"", ""anar"", ""ab- (ab-)""]"
nu-*56-e-tu	nu-*56-e-tu	nu-*56-e-tu-me-i-j	5	xpg	Phrygian	bratere	7	0.8000	4	5	brother	"[""anar"", ""bratere"", ""bratere"", ""bratere"", ""bratere""]"
tu-me-i	tu-me-i	tu-me-i-ja-sa-u	7	xpg	Phrygian	aoːroː	6	0.7143	5	7		"[""anar"", ""anar"", ""ao\u02d0ro\u02d0"", ""ao\u02d0ro\u02d0"", ""ao\u02d0ro\u02d0"", ""ao\u02d0ro\u02d0"", ""ao\u02d0ro\u02d0""]"
ja-se-ka	ja-se-ka	ja-se-ka-na-si	5	xlc	Lycian	ux(i)-	4	1.0000	5	5		"[""ux(i)-"", ""ux(i)-"", ""ux(i)-"", ""ux(i)-"", ""ux(i)-""]"
e-i-ke-ta	e-i-ke-ta	e-i-ke-ta-na-i-*301	5	xlc	Lycian	ite(/i)-	6	1.0000	5	5	judicial court (?)	"[""ite(/i)-"", ""ite(/i)-"", ""ite(/i)-"", ""ite(/i)-"", ""ite(/i)-""]"
nwa-za	nwa-za	nwa-za-*56-ni	4	xlc	Lycian	kʷla-	4	1.0000	4	4		"[""k\u02b7la-"", ""k\u02b7la-"", ""k\u02b7la-"", ""k\u02b7la-""]"
a-da-wa	a-da-wa	a-da-wa-i-ja	4	xlc	Lycian	Isɲta-	5	1.0000	4	4		"[""Is\u0272ta-"", ""Is\u0272ta-"", ""Is\u0272ta-"", ""Is\u0272ta-""]"
i-da-ja	i-da-ja	i-da-ja-ja	4	xlc	Lycian	nun͂-	4	1.0000	4	4		"[""nun\u0342-"", ""nun\u0342-"", ""nun\u0342-"", ""nun\u0342-""]"
i-nwa-za	i-nwa-za	i-nwa-za-*56-ni	4	xlc	Lycian	kʷla-	4	1.0000	4	4		"[""k\u02b7la-"", ""k\u02b7la-"", ""k\u02b7la-"", ""k\u02b7la-""]"
na-da-wa	na-da-wa	na-da-wa-i-ja	4	xlc	Lycian	Isɲta-	5	1.0000	4	4		"[""Is\u0272ta-"", ""Is\u0272ta-"", ""Is\u0272ta-"", ""Is\u0272ta-""]"
ra-me-u	ra-me-u	ra-me-u-na-ru-k	9	xlc	Lycian	ux(i)-	4	0.8889	8	9		"[""=ti"", ""ux(i)-"", ""ux(i)-"", ""ux(i)-"", ""ux(i)-"", ""ux(i)-"", ""ux(i)-"", ""ux(i)-"", ""ux(i)-""]"
na-i-*301-ti	na-i-*301-ti	na-i-*301-ti-ja-sa	5	xlc	Lycian	eb(e)	4	0.8000	4	5		"[""Masa"", ""eb(e)"", ""eb(e)"", ""eb(e)"", ""eb(e)""]"
a-i-*301-u-ti	a-i-*301-u-ti	a-i-*301-u-ti-nu-ja	5	xlc	Lycian	eb(e)	4	0.8000	4	5		"[""Masa"", ""eb(e)"", ""eb(e)"", ""eb(e)"", ""eb(e)""]"
a-me-u-na	a-me-u-na	a-me-u-na-ru-ka	9	xlc	Lycian	ux(i)-	4	0.7778	7	9		"[""ux(i)-"", ""ux(i)-"", ""ux(i)-"", ""ux(i)-"", ""ux(i)-"", ""ux(i)-"", ""ux(i)-"", ""a(i)-(di)"", ""a(i)-(di)""]"
i-te-te	i-te-te	i-te-te-re-p	4	xlc	Lycian	γarãi	5	0.7500	3	4		"[""\u03b3ar\u00e3i"", ""\u03b3ar\u00e3i"", ""\u03b3ar\u00e3i"", ""\u1ebdne/i-""]"
di-ki-tu	di-ki-tu	di-ki-tu-ja-s	4	xlc	Lycian	s(ije)-	5	0.7500	3	4		"[""me"", ""s(ije)-"", ""s(ije)-"", ""s(ije)-""]"
ki-te-te	ki-te-te	ki-te-te-re-p	4	xlc	Lycian	γarãi	5	0.7500	3	4		"[""\u03b3ar\u00e3i"", ""\u03b3ar\u00e3i"", ""\u03b3ar\u00e3i"", ""\u1ebdne/i-""]"
u-me-i-ja	u-me-i-ja	u-me-i-ja-sa-u-n	7	xlc	Lycian	ux(i)-	4	0.7143	5	7		"[""ux(i)-"", ""ux(i)-"", ""ux(i)-"", ""ux(i)-"", ""ux(i)-"", ""a(i)-(di)"", ""a(i)-(di)""]"
i-ke-ta	i-ke-ta	i-ke-ta-na-i-*301-t	6	ccs-pro	Proto-Kartvelian	rdʒw	4	1.0000	6	6		"[""rd\u0292w"", ""rd\u0292w"", ""rd\u0292w"", ""rd\u0292w"", ""rd\u0292w"", ""rd\u0292w""]"
i-nu-ja	i-nu-ja	i-nu-ja-sa-sa-r	6	ccs-pro	Proto-Kartvelian	oqar	4	1.0000	6	6	solitary	"[""oqar"", ""oqar"", ""oqar"", ""oqar"", ""oqar"", ""oqar""]"
ke-ta-na	ke-ta-na	ke-ta-na-i-*301-ti	5	ccs-pro	Proto-Kartvelian	rdʒw	4	1.0000	5	5		"[""rd\u0292w"", ""rd\u0292w"", ""rd\u0292w"", ""rd\u0292w"", ""rd\u0292w""]"
i-da-ja	i-da-ja	i-da-ja-ja	4	ccs-pro	Proto-Kartvelian	ʃubl	4	1.0000	4	4		"[""\u0283ubl"", ""\u0283ubl"", ""\u0283ubl"", ""\u0283ubl""]"
a-ja-se	a-ja-se	a-ja-se-ka-na-s	6	ccs-pro	Proto-Kartvelian	matʼl	5	0.8333	5	6		"[""l\u02bfdze"", ""mat\u02bcl"", ""mat\u02bcl"", ""mat\u02bcl"", ""mat\u02bcl"", ""mat\u02bcl""]"
re-i-ke	re-i-ke	re-i-ke-ta-na-i	6	ccs-pro	Proto-Kartvelian	dzor	4	0.8333	5	6		"[""dzor"", ""dzor"", ""dzum"", ""dzor"", ""dzor"", ""dzor""]"
ja-se-ka	ja-se-ka	ja-se-ka-na-si	5	ccs-pro	Proto-Kartvelian	matʼl	5	0.8000	4	5		"[""mat\u02bcl"", ""mat\u02bcl"", ""mat\u02bcl"", ""mat\u02bcl"", ""nu""]"
na-da-da	na-da-da	na-da-da-u-ti-n	5	ccs-pro	Proto-Kartvelian	biɡa	4	0.8000	4	5		"[""\u0261ab"", ""bi\u0261a"", ""bi\u0261a"", ""bi\u0261a"", ""bi\u0261a""]"
wa-ja-se	wa-ja-se	wa-ja-se-ka-na	5	ccs-pro	Proto-Kartvelian	matʼl	5	0.8000	4	5		"[""l\u02bfdze"", ""mat\u02bcl"", ""mat\u02bcl"", ""mat\u02bcl"", ""mat\u02bcl""]"
a-u-ti-nu	a-u-ti-nu	a-u-ti-nu-i-na-i	5	ccs-pro	Proto-Kartvelian	babua	5	0.8000	4	5		"[""babua"", ""babua"", ""babua"", ""babua"", ""k\u02bcut\u02bcu""]"
e-u-na-ru	e-u-na-ru	e-u-na-ru-ka-na	5	ccs-pro	Proto-Kartvelian	dedal	5	0.8000	4	5	female	"[""deda"", ""dedal"", ""dedal"", ""dedal"", ""dedal""]"
na-i-da	na-i-da	na-i-da-ja-s	4	ccs-pro	Proto-Kartvelian	ʃubl	4	0.7500	3	4		"[""\u0261ob"", ""\u0283ubl"", ""\u0283ubl"", ""\u0283ubl""]"
ki-te-te	ki-te-te	ki-te-te-re-p	4	ccs-pro	Proto-Kartvelian	lʿdze	5	0.7500	3	4		"[""lok\u02bc"", ""l\u02bfdze"", ""l\u02bfdze"", ""l\u02bfdze""]"
i-na-i-da	i-na-i-da	i-na-i-da-ja-s	4	ccs-pro	Proto-Kartvelian	ʃubl	4	0.7500	3	4		"[""oboba"", ""\u0283ubl"", ""\u0283ubl"", ""\u0283ubl""]"
u-ja-sa	u-ja-sa	u-ja-sa-sa-ra-m	6	ine-pro	Proto-Indo-European	skeɣʷ	5	1.0000	6	6		"[""ske\u0263\u02b7"", ""ske\u0263\u02b7"", ""ske\u0263\u02b7"", ""ske\u0263\u02b7"", ""ske\u0263\u02b7"", ""ske\u0263\u02b7""]"
*301-ti-ja	*301-ti-ja	*301-ti-ja-sa-sa-r	6	ine-pro	Proto-Indo-European	ɣʷekʷ	5	1.0000	6	6		"[""\u0263\u02b7ek\u02b7"", ""\u0263\u02b7ek\u02b7"", ""\u0263\u02b7ek\u02b7"", ""\u0263\u02b7ek\u02b7"", ""\u0263\u02b7ek\u02b7"", ""\u0263\u02b7ek\u02b7""]"
nu-ja-sa	nu-ja-sa	nu-ja-sa-sa-ra	5	ine-pro	Proto-Indo-European	skeɣʷ	5	1.0000	5	5		"[""ske\u0263\u02b7"", ""ske\u0263\u02b7"", ""ske\u0263\u02b7"", ""ske\u0263\u02b7"", ""ske\u0263\u02b7""]"
wa-e-a-di	wa-e-a-di	wa-e-a-di-ki-te	5	ine-pro	Proto-Indo-European	ħepo	4	1.0000	5	5		"[""\u0127epo"", ""\u0127epo"", ""\u0127epo"", ""\u0127epo"", ""\u0127epo""]"
i-*301-ti-ja	i-*301-ti-ja	i-*301-ti-ja-sa-sa	5	ine-pro	Proto-Indo-European	ɣʷekʷ	5	1.0000	5	5		"[""\u0263\u02b7ek\u02b7"", ""\u0263\u02b7ek\u02b7"", ""\u0263\u02b7ek\u02b7"", ""\u0263\u02b7ek\u02b7"", ""\u0263\u02b7ek\u02b7""]"
i-nu-ja	i-nu-ja	i-nu-ja-sa-sa-r	6	ine-pro	Proto-Indo-European	tetkoː	6	0.8333	5	6		"[""eti"", ""tetko\u02d0"", ""tetko\u02d0"", ""tetko\u02d0"", ""tetko\u02d0"", ""tetko\u02d0""]"
ja-i-nwa	ja-i-nwa	ja-i-nwa-za-*56-n	5	ine-pro	Proto-Indo-European	ɣʷeroː	6	0.8000	4	5		"[""ke\u02d0r"", ""\u0263\u02b7ero\u02d0"", ""\u0263\u02b7ero\u02d0"", ""\u0263\u02b7ero\u02d0"", ""\u0263\u02b7ero\u02d0""]"
ja-tu-ru	ja-tu-ru	ja-tu-ru-sa-i-d	5	ine-pro	Proto-Indo-European	kʷels	5	0.8000	4	5		"[""k\u02b7els"", ""k\u02b7els"", ""k\u02b7els"", ""k\u02b7els"", ""ksnew""]"
ti-nu-ja	ti-nu-ja	ti-nu-ja-sa-sa	5	ine-pro	Proto-Indo-European	tetkoː	6	0.8000	4	5		"[""enu"", ""tetko\u02d0"", ""tetko\u02d0"", ""tetko\u02d0"", ""tetko\u02d0""]"
i-da-ja	i-da-ja	i-da-ja-ja	4	ine-pro	Proto-Indo-European	peku	4	0.7500	3	4		"[""peku"", ""peku"", ""wek\u02b7"", ""peku""]"
a-ja-i-nwa	a-ja-i-nwa	a-ja-i-nwa-za-*56	4	ine-pro	Proto-Indo-European	ɣʷeroː	6	0.7500	3	4		"[""ke\u02d0r"", ""\u0263\u02b7ero\u02d0"", ""\u0263\u02b7ero\u02d0"", ""\u0263\u02b7ero\u02d0""]"
ja-sa-u	ja-sa-u	ja-sa-u-na-ka-na-si	7	ine-pro	Proto-Indo-European	kʷoti	5	0.7143	5	7		"[""k\u02b7os"", ""k\u02b7os"", ""k\u02b7oti"", ""k\u02b7oti"", ""k\u02b7oti"", ""k\u02b7oti"", ""k\u02b7oti""]"
ja-ta-i	ja-ta-i	ja-ta-i-*301-u-ja	5	xur	Urartian	BAL-te	6	1.0000	4	4	sumerogram:(meaning unknown)	"[""BAL-te"", ""BAL-te"", ""BAL-te"", ""BAL-te""]"
a-na-ti	a-na-ti	a-na-ti-*301-wa-ja	6	xur	Urartian	naxitse	7	0.8333	5	6		"[""u\u0283t"", ""naxitse"", ""naxitse"", ""naxitse"", ""naxitse"", ""naxitse""]"
*301-ti-ja	*301-ti-ja	*301-ti-ja-sa-sa-r	6	xur	Urartian	eʃiate	6	0.8333	5	6		"[""e\u0283iate"", ""e\u0283iate"", ""e\u0283iate"", ""e\u0283iate"", ""e\u0283iate"", ""URU.TUR""]"
i-*301-u-ti	i-*301-u-ti	i-*301-u-ti-nu-ja-s	6	xur	Urartian	teʃi	4	0.8333	5	6		"[""teq-"", ""te\u0283i"", ""te\u0283i"", ""te\u0283i"", ""te\u0283i"", ""te\u0283i""]"
a-ma-i-na	a-ma-i-na	a-ma-i-na-ja-re	5	xur	Urartian	sane	4	0.8000	4	5	kettle	"[""man"", ""sane"", ""sane"", ""sane"", ""sane""]"
ra-me-u	ra-me-u	ra-me-u-na-ru-k	9	xur	Urartian	Aldi	4	0.7778	7	9	urartian national god = haldi	"[""nuld-"", ""Aldi"", ""Aldi"", ""Aldi"", ""Aldi"", ""Aldi"", ""Aldi"", ""ardini"", ""Aldi""]"
a-me-u-na	a-me-u-na	a-me-u-na-ru-ka	9	xur	Urartian	Aldi	4	0.7778	7	9	urartian national god = haldi	"[""Aldi"", ""Aldi"", ""Aldi"", ""Aldi"", ""Aldi"", ""ardini"", ""Aldi"", ""ardini"", ""Aldi""]"
i-ki-tu	i-ki-tu	i-ki-tu-ja-s	4	xur	Urartian	tsʼare	6	0.7500	3	4		"[""tsa\u0283-"", ""ts\u02bcare"", ""ts\u02bcare"", ""ts\u02bcare""]"
di-ki-tu	di-ki-tu	di-ki-tu-ja-s	4	xur	Urartian	tsʼare	6	0.7500	3	4		"[""tsa\u0283-"", ""ts\u02bcare"", ""ts\u02bcare"", ""ts\u02bcare""]"
ja-se-ka	ja-se-ka	ja-se-ka-na-si	5	xur	Urartian	MAN-nu-	6	0.7500	3	4	sumerogram:become king	"[""edi"", ""MAN-nu-"", ""MAN-nu-"", ""MAN-nu-""]"
a-da-u-ti	a-da-u-ti	a-da-u-ti-nu-i-n	5	xur	Urartian	MAN-usi	7	0.7500	3	4	sumerogram:royal	"[""MAN-usi"", ""LU\u2082-tuxi"", ""MAN-usi"", ""MAN-usi""]"
i-na-i-da	i-na-i-da	i-na-i-da-ja-s	4	xur	Urartian	sane	4	0.7500	3	4	kettle	"[""tan-"", ""sane"", ""sane"", ""sane""]"
*56-e-tu-me	*56-e-tu-me	*56-e-tu-me-i-ja-s	5	ave	Avestan	asanɡh	6	1.0000	5	5		"[""asan\u0261h"", ""asan\u0261h"", ""asan\u0261h"", ""asan\u0261h"", ""asan\u0261h""]"
a-da-wa	a-da-wa	a-da-wa-i-ja	4	ave	Avestan	puxdha	6	1.0000	4	4	fifth	"[""puxdha"", ""puxdha"", ""puxdha"", ""puxdha""]"
di-ki-tu	di-ki-tu	di-ki-tu-ja-s	4	ave	Avestan	udra	4	1.0000	4	4	wiktionary	"[""udra"", ""udra"", ""udra"", ""udra""]"
na-ru-ka	na-ru-ka	na-ru-ka-na-s	4	ave	Avestan	ɡhzhar	6	1.0000	4	4		"[""\u0261hzhar"", ""\u0261hzhar"", ""\u0261hzhar"", ""\u0261hzhar""]"
u-na-ru	u-na-ru	u-na-ru-ka-na-ti	9	ave	Avestan	ɡhzhar	6	0.8889	8	9		"[""[-]"", ""\u0261hzhar"", ""\u0261hzhar"", ""\u0261hzhar"", ""\u0261hzhar"", ""\u0261hzhar"", ""\u0261hzhar"", ""\u0261hzhar"", ""\u0261hzhar""]"
na-da-da	na-da-da	na-da-da-u-ti-n	5	ave	Avestan	vohuniː	7	0.8000	4	5		"[""st\u00fbt"", ""vohuni\u02d0"", ""vohuni\u02d0"", ""vohuni\u02d0"", ""vohuni\u02d0""]"
wa-ja-tu	wa-ja-tu	wa-ja-tu-ru-sa	5	ave	Avestan	drudʒ	5	0.8000	4	5		"[""[-]"", ""drud\u0292"", ""drud\u0292"", ""drud\u0292"", ""drud\u0292""]"
e-u-na-ru	e-u-na-ru	e-u-na-ru-ka-na	5	ave	Avestan	ɡhzhar	6	0.8000	4	5		"[""[-]"", ""\u0261hzhar"", ""\u0261hzhar"", ""\u0261hzhar"", ""\u0261hzhar""]"
ki-te-te	ki-te-te	ki-te-te-re-p	4	ave	Avestan	dreñdʒ	6	0.7500	3	4		"[""drux\u0283"", ""dre\u00f1d\u0292"", ""dre\u00f1d\u0292"", ""dre\u00f1d\u0292""]"
a-ja-i-nwa	a-ja-i-nwa	a-ja-i-nwa-za-*56	4	ave	Avestan	tʃvañt	6	0.7500	3	4		"[""t\u0283va\u00f1t"", ""t\u0283va\u00f1t"", ""t\u0283va\u00f1t"", ""-t\u0283a""]"
a-ja-tu	a-ja-tu	a-ja-tu-ru-sa-i	6	xld	Lydian	kuka-	4	1.0000	6	6		"[""kuka-"", ""kuka-"", ""kuka-"", ""kuka-"", ""kuka-"", ""kuka-""]"
a-da-u-ti	a-da-u-ti	a-da-u-ti-nu-i-n	5	xld	Lydian	kof(i)-	5	1.0000	5	5	water	"[""kof(i)-"", ""kof(i)-"", ""kof(i)-"", ""kof(i)-"", ""kof(i)-""]"
a-ma-si	a-ma-si	a-ma-si-ru-te	5	xld	Lydian	kof(i)-	5	0.8000	4	5	water	"[""sfa-"", ""kof(i)-"", ""kof(i)-"", ""kof(i)-"", ""kof(i)-""]"
ma-na-da	ma-na-da	ma-na-da-wa-i-j	5	xld	Lydian	aɕtrkoɕ	7	0.8000	4	5		"[""a\u0255trko\u0255"", ""a\u0255trko\u0255"", ""a\u0255trko\u0255"", ""a\u0255trko\u0255"", ""kofu""]"
na-ma-si	na-ma-si	na-ma-si-ru-te	5	xld	Lydian	vsta	4	0.8000	4	5	a heir	"[""vsta"", ""vsta"", ""vsta"", ""vsta"", ""kof(i)-""]"
wa-ja-se	wa-ja-se	wa-ja-se-ka-na	5	xld	Lydian	wsta-	4	0.8000	4	5	expense (?)	"[""wsta-"", ""wsta-"", ""wsta-"", ""wsta-"", ""tsa-(t)""]"
sa-ra-me	sa-ra-me	sa-ra-me-u-na-r	9	xld	Lydian	iʃko-	4	0.7778	7	9		"[""i\u0283ko-"", ""i\u0283ko-"", ""i\u0283ko-"", ""i\u0283ko-"", ""i\u0283ko-"", ""i\u0283ko-"", ""i\u0283ko-"", ""a\u0255trko\u0255"", ""a\u0255trko\u0255""]"
ka-na-si	ka-na-si	ka-na-si-si-r	4	xld	Lydian	etla-	4	0.7500	3	4	(unknown)	"[""etla-"", ""etla-"", ""etla-"", ""\u1ebdtwer\u0283(i)-""]"
i-na-ja	i-na-ja	i-na-ja-re-ta	5	uga	Ugaritic	sˤlj	4	1.0000	5	5		"[""s\u02e4lj"", ""s\u02e4lj"", ""s\u02e4lj"", ""s\u02e4lj"", ""s\u02e4lj""]"
na-i-da	na-i-da	na-i-da-ja-s	4	uga	Ugaritic	sˤuru	5	1.0000	4	4		"[""s\u02e4uru"", ""s\u02e4uru"", ""s\u02e4uru"", ""s\u02e4uru""]"
i-na-i-da	i-na-i-da	i-na-i-da-ja-s	4	uga	Ugaritic	sˤuru	5	1.0000	4	4		"[""s\u02e4uru"", ""s\u02e4uru"", ""s\u02e4uru"", ""s\u02e4uru""]"
u-i-na-i	u-i-na-i	u-i-na-i-da-ja-s	6	uga	Ugaritic	xulsˤu	6	0.8333	5	6		"[""\u0263r"", ""xuls\u02e4u"", ""xuls\u02e4u"", ""xuls\u02e4u"", ""xuls\u02e4u"", ""xuls\u02e4u""]"
*301-wa-e-a	*301-wa-e-a	*301-wa-e-a-di-ki-t	6	uga	Ugaritic	uqnu	4	0.8333	5	6		"[""ib"", ""uqnu"", ""uqnu"", ""uqnu"", ""uqnu"", ""uqnu""]"
na-i-*301-ti	na-i-*301-ti	na-i-*301-ti-ja-sa	5	uga	Ugaritic	sˤuru	5	0.8000	4	5		"[""s\u02e4uru"", ""s\u02e4uru"", ""s\u02e4uru"", ""s\u02e4uru"", ""\u0283i\u02d0ru""]"
ja-sa-sa	ja-sa-sa	ja-sa-sa-ra-me	6	hit	Hittite	xapa	4	0.8333	5	6		"[""ap\u02d0a"", ""xapa"", ""xapa"", ""xapa"", ""xapa"", ""xapa""]"
sa-u-na	sa-u-na	sa-u-na-ka-na	5	hit	Hittite	iːsˤaː́	7	0.8000	4	5		"[""as"", ""i\u02d0s\u02e4a\u02d0\u0301"", ""i\u02d0s\u02e4a\u02d0\u0301"", ""i\u02d0s\u02e4a\u02d0\u0301"", ""i\u02d0s\u02e4a\u02d0\u0301""]"
ja-ja-sa	ja-ja-sa	ja-ja-sa-sa-ra	5	hit	Hittite	xʃap	4	0.8000	4	5		"[""u\u02d0x\u02d0i"", ""x\u0283ap"", ""x\u0283ap"", ""x\u0283ap"", ""x\u0283ap""]"
nu-ja-sa	nu-ja-sa	nu-ja-sa-sa-ra	5	hit	Hittite	saːki	5	0.8000	4	5		"[""tuk"", ""sa\u02d0ki"", ""sa\u02d0ki"", ""sa\u02d0ki"", ""sa\u02d0ki""]"
